"Date","Source","Site ID","POC","Daily Mean PM10 Concentration","UNITS","DAILY_AQI_VALUE","Site Name","DAILY_OBS_COUNT","PERCENT_COMPLETE","AQS_PARAMETER_CODE","AQS_PARAMETER_DESC","CBSA_CODE","CBSA_NAME","STATE_CODE","STATE","COUNTY_CODE","COUNTY","SITE_LATITUDE","SITE_LONGITUDE"
"01/01/2020","AQS","060190500","1","19","ug/m3 SC","18","Table Mountain Air Monitoring Site","1","100.0000","81102","PM10 Total 0-10um STP","23420","Fresno, CA","06","California","019","Fresno","36.9851185574381","-119.658339349936"
"01/02/2020","AQS","060190500","1","22","ug/m3 SC","20","Table Mountain Air Monitoring Site","1","100.0000","81102","PM10 Total 0-10um STP","23420","Fresno, CA","06","California","019","Fresno","36.9851185574381","-119.658339349936"
"01/03/2020","AQS","060190500","1","15","ug/m3 SC","14","Table Mountain Air Monitoring Site","1","100.0000","81102","PM10 Total 0-10um STP","23420","Fresno, CA","06","California","019","Fresno","36.9851185574381","-119.658339349936"
"01/04/2020","AQS","060190500","1","8","ug/m3 SC","7","Table Mountain Air Monitoring Site","1","100.0000","81102","PM10 Total 0-10um STP","23420","Fresno, CA","06","California","019","Fresno","36.9851185574381","-119.658339349936"
"01/05/2020","AQS","060190500","1","10","ug/m3 SC","9","Table Mountain Air Monitoring Site","1","100.0000","81102","PM10 Total 0-10um STP","23420","Fresno, CA","06","California","019","Fresno","36.9851185574381","-119.658339349936"
"01/06/2020","AQS","060190500","1","14","ug/m3 SC","13","Table Mountain Air Monitoring Site","1","100.0000","81102","PM10 Total 0-10um STP","23420","Fresno, CA","06","California","019","Fresno","36.9851185574381","-119.658339349936"
"01/07/2020","AQS","060190500","1","13","ug/m3 SC","12","Table Mountain Air Monitoring Site","1","100.0000","81102","PM10 Total 0-10um STP","23420","Fresno, CA","06","California","019","Fresno","36.9851185574381","-119.658339349936"
"01/08/2020","AQS","060190500","1","13","ug/m3 SC","12","Table Mountain Air Monitoring Site","1","100.0000","81102","PM10 Total 0-10um STP","23420","Fresno, CA","06","California","019","Fresno","36.9851185574381","-119.658339349936"
"01/09/2020","AQS","060190500","1","7","ug/m3 SC","6","Table Mountain Air Monitoring Site","1","100.0000","81102","PM10 Total 0-10um STP","23420","Fresno, CA","06","California","019","Fresno","36.9851185574381","-119.658339349936"
"01/10/2020","AQS","060190500","1","7","ug/m3 SC","6","Table Mountain Air Monitoring Site","1","100.0000","81102","PM10 Total 0-10um STP","23420","Fresno, CA","06","California","019","Fresno","36.9851185574381","-119.658339349936"
"01/11/2020","AQS","060190500","1","8","ug/m3 SC","7","Table Mountain Air Monitoring Site","1","100.0000","81102","PM10 Total 0-10um STP","23420","Fresno, CA","06","California","019","Fresno","36.9851185574381","-119.658339349936"
"01/12/2020","AQS","060190500","1","6","ug/m3 SC","6","Table Mountain Air Monitoring Site","1","100.0000","81102","PM10 Total 0-10um STP","23420","Fresno, CA","06","California","019","Fresno","36.9851185574381","-119.658339349936"
"01/13/2020","AQS","060190500","1","10","ug/m3 SC","9","Table Mountain Air Monitoring Site","1","100.0000","81102","PM10 Total 0-10um STP","23420","Fresno, CA","06","California","019","Fresno","36.9851185574381","-119.658339349936"
"01/14/2020","AQS","060190500","1","8","ug/m3 SC","7","Table Mountain Air Monitoring Site","1","100.0000","81102","PM10 Total 0-10um STP","23420","Fresno, CA","06","California","019","Fresno","36.9851185574381","-119.658339349936"
"01/15/2020","AQS","060190500","1","13","ug/m3 SC","12","Table Mountain Air Monitoring Site","1","100.0000","81102","PM10 Total 0-10um STP","23420","Fresno, CA","06","California","019","Fresno","36.9851185574381","-119.658339349936"
"01/16/2020","AQS","060190500","1","11","ug/m3 SC","10","Table Mountain Air Monitoring Site","1","100.0000","81102","PM10 Total 0-10um STP","23420","Fresno, CA","06","California","019","Fresno","36.9851185574381","-119.658339349936"
"01/17/2020","AQS","060190500","1","4","ug/m3 SC","4","Table Mountain Air Monitoring Site","1","100.0000","81102","PM10 Total 0-10um STP","23420","Fresno, CA","06","California","019","Fresno","36.9851185574381","-119.658339349936"
"01/18/2020","AQS","060190500","1","6","ug/m3 SC","6","Table Mountain Air Monitoring Site","1","100.0000","81102","PM10 Total 0-10um STP","23420","Fresno, CA","06","California","019","Fresno","36.9851185574381","-119.658339349936"
"01/19/2020","AQS","060190500","1","10","ug/m3 SC","9","Table Mountain Air Monitoring Site","1","100.0000","81102","PM10 Total 0-10um STP","23420","Fresno, CA","06","California","019","Fresno","36.9851185574381","-119.658339349936"
"01/20/2020","AQS","060190500","1","15","ug/m3 SC","14","Table Mountain Air Monitoring Site","1","100.0000","81102","PM10 Total 0-10um STP","23420","Fresno, CA","06","California","019","Fresno","36.9851185574381","-119.658339349936"
"01/21/2020","AQS","060190500","1","21","ug/m3 SC","19","Table Mountain Air Monitoring Site","1","100.0000","81102","PM10 Total 0-10um STP","23420","Fresno, CA","06","California","019","Fresno","36.9851185574381","-119.658339349936"
"01/22/2020","AQS","060190500","1","12","ug/m3 SC","11","Table Mountain Air Monitoring Site","1","100.0000","81102","PM10 Total 0-10um STP","23420","Fresno, CA","06","California","019","Fresno","36.9851185574381","-119.658339349936"
"01/23/2020","AQS","060190500","1","13","ug/m3 SC","12","Table Mountain Air Monitoring Site","1","100.0000","81102","PM10 Total 0-10um STP","23420","Fresno, CA","06","California","019","Fresno","36.9851185574381","-119.658339349936"
"01/24/2020","AQS","060190500","1","23","ug/m3 SC","21","Table Mountain Air Monitoring Site","1","100.0000","81102","PM10 Total 0-10um STP","23420","Fresno, CA","06","California","019","Fresno","36.9851185574381","-119.658339349936"
"01/25/2020","AQS","060190500","1","32","ug/m3 SC","30","Table Mountain Air Monitoring Site","1","100.0000","81102","PM10 Total 0-10um STP","23420","Fresno, CA","06","California","019","Fresno","36.9851185574381","-119.658339349936"
"01/26/2020","AQS","060190500","1","11","ug/m3 SC","10","Table Mountain Air Monitoring Site","1","100.0000","81102","PM10 Total 0-10um STP","23420","Fresno, CA","06","California","019","Fresno","36.9851185574381","-119.658339349936"
"01/27/2020","AQS","060190500","1","13","ug/m3 SC","12","Table Mountain Air Monitoring Site","1","100.0000","81102","PM10 Total 0-10um STP","23420","Fresno, CA","06","California","019","Fresno","36.9851185574381","-119.658339349936"
"01/28/2020","AQS","060190500","1","8","ug/m3 SC","7","Table Mountain Air Monitoring Site","1","100.0000","81102","PM10 Total 0-10um STP","23420","Fresno, CA","06","California","019","Fresno","36.9851185574381","-119.658339349936"
"01/29/2020","AQS","060190500","1","10","ug/m3 SC","9","Table Mountain Air Monitoring Site","1","100.0000","81102","PM10 Total 0-10um STP","23420","Fresno, CA","06","California","019","Fresno","36.9851185574381","-119.658339349936"
"01/30/2020","AQS","060190500","1","16","ug/m3 SC","15","Table Mountain Air Monitoring Site","1","100.0000","81102","PM10 Total 0-10um STP","23420","Fresno, CA","06","California","019","Fresno","36.9851185574381","-119.658339349936"
"01/31/2020","AQS","060190500","1","20","ug/m3 SC","19","Table Mountain Air Monitoring Site","1","100.0000","81102","PM10 Total 0-10um STP","23420","Fresno, CA","06","California","019","Fresno","36.9851185574381","-119.658339349936"
"02/01/2020","AQS","060190500","1","15","ug/m3 SC","14","Table Mountain Air Monitoring Site","1","100.0000","81102","PM10 Total 0-10um STP","23420","Fresno, CA","06","California","019","Fresno","36.9851185574381","-119.658339349936"
"02/02/2020","AQS","060190500","1","10","ug/m3 SC","9","Table Mountain Air Monitoring Site","1","100.0000","81102","PM10 Total 0-10um STP","23420","Fresno, CA","06","California","019","Fresno","36.9851185574381","-119.658339349936"
"02/03/2020","AQS","060190500","1","9","ug/m3 SC","8","Table Mountain Air Monitoring Site","1","100.0000","81102","PM10 Total 0-10um STP","23420","Fresno, CA","06","California","019","Fresno","36.9851185574381","-119.658339349936"
"02/04/2020","AQS","060190500","1","21","ug/m3 SC","19","Table Mountain Air Monitoring Site","1","100.0000","81102","PM10 Total 0-10um STP","23420","Fresno, CA","06","California","019","Fresno","36.9851185574381","-119.658339349936"
"02/05/2020","AQS","060190500","1","24","ug/m3 SC","22","Table Mountain Air Monitoring Site","1","100.0000","81102","PM10 Total 0-10um STP","23420","Fresno, CA","06","California","019","Fresno","36.9851185574381","-119.658339349936"
"02/06/2020","AQS","060190500","1","21","ug/m3 SC","19","Table Mountain Air Monitoring Site","1","100.0000","81102","PM10 Total 0-10um STP","23420","Fresno, CA","06","California","019","Fresno","36.9851185574381","-119.658339349936"
"02/07/2020","AQS","060190500","1","19","ug/m3 SC","18","Table Mountain Air Monitoring Site","1","100.0000","81102","PM10 Total 0-10um STP","23420","Fresno, CA","06","California","019","Fresno","36.9851185574381","-119.658339349936"
"02/08/2020","AQS","060190500","1","23","ug/m3 SC","21","Table Mountain Air Monitoring Site","1","100.0000","81102","PM10 Total 0-10um STP","23420","Fresno, CA","06","California","019","Fresno","36.9851185574381","-119.658339349936"
"02/09/2020","AQS","060190500","1","18","ug/m3 SC","17","Table Mountain Air Monitoring Site","1","100.0000","81102","PM10 Total 0-10um STP","23420","Fresno, CA","06","California","019","Fresno","36.9851185574381","-119.658339349936"
"02/10/2020","AQS","060190500","1","29","ug/m3 SC","27","Table Mountain Air Monitoring Site","1","100.0000","81102","PM10 Total 0-10um STP","23420","Fresno, CA","06","California","019","Fresno","36.9851185574381","-119.658339349936"
"02/11/2020","AQS","060190500","1","37","ug/m3 SC","34","Table Mountain Air Monitoring Site","1","100.0000","81102","PM10 Total 0-10um STP","23420","Fresno, CA","06","California","019","Fresno","36.9851185574381","-119.658339349936"
"02/12/2020","AQS","060190500","1","25","ug/m3 SC","23","Table Mountain Air Monitoring Site","1","100.0000","81102","PM10 Total 0-10um STP","23420","Fresno, CA","06","California","019","Fresno","36.9851185574381","-119.658339349936"
"02/13/2020","AQS","060190500","1","38","ug/m3 SC","35","Table Mountain Air Monitoring Site","1","100.0000","81102","PM10 Total 0-10um STP","23420","Fresno, CA","06","California","019","Fresno","36.9851185574381","-119.658339349936"
"02/14/2020","AQS","060190500","1","43","ug/m3 SC","40","Table Mountain Air Monitoring Site","1","100.0000","81102","PM10 Total 0-10um STP","23420","Fresno, CA","06","California","019","Fresno","36.9851185574381","-119.658339349936"
"02/15/2020","AQS","060190500","1","18","ug/m3 SC","17","Table Mountain Air Monitoring Site","1","100.0000","81102","PM10 Total 0-10um STP","23420","Fresno, CA","06","California","019","Fresno","36.9851185574381","-119.658339349936"
"02/16/2020","AQS","060190500","1","11","ug/m3 SC","10","Table Mountain Air Monitoring Site","1","100.0000","81102","PM10 Total 0-10um STP","23420","Fresno, CA","06","California","019","Fresno","36.9851185574381","-119.658339349936"
"02/17/2020","AQS","060190500","1","17","ug/m3 SC","16","Table Mountain Air Monitoring Site","1","100.0000","81102","PM10 Total 0-10um STP","23420","Fresno, CA","06","California","019","Fresno","36.9851185574381","-119.658339349936"
"02/18/2020","AQS","060190500","1","27","ug/m3 SC","25","Table Mountain Air Monitoring Site","1","100.0000","81102","PM10 Total 0-10um STP","23420","Fresno, CA","06","California","019","Fresno","36.9851185574381","-119.658339349936"
"02/19/2020","AQS","060190500","1","28","ug/m3 SC","26","Table Mountain Air Monitoring Site","1","100.0000","81102","PM10 Total 0-10um STP","23420","Fresno, CA","06","California","019","Fresno","36.9851185574381","-119.658339349936"
"02/20/2020","AQS","060190500","1","29","ug/m3 SC","27","Table Mountain Air Monitoring Site","1","100.0000","81102","PM10 Total 0-10um STP","23420","Fresno, CA","06","California","019","Fresno","36.9851185574381","-119.658339349936"
"02/21/2020","AQS","060190500","1","46","ug/m3 SC","43","Table Mountain Air Monitoring Site","1","100.0000","81102","PM10 Total 0-10um STP","23420","Fresno, CA","06","California","019","Fresno","36.9851185574381","-119.658339349936"
"02/22/2020","AQS","060190500","1","12","ug/m3 SC","11","Table Mountain Air Monitoring Site","1","100.0000","81102","PM10 Total 0-10um STP","23420","Fresno, CA","06","California","019","Fresno","36.9851185574381","-119.658339349936"
"02/23/2020","AQS","060190500","1","10","ug/m3 SC","9","Table Mountain Air Monitoring Site","1","100.0000","81102","PM10 Total 0-10um STP","23420","Fresno, CA","06","California","019","Fresno","36.9851185574381","-119.658339349936"
"02/24/2020","AQS","060190500","1","27","ug/m3 SC","25","Table Mountain Air Monitoring Site","1","100.0000","81102","PM10 Total 0-10um STP","23420","Fresno, CA","06","California","019","Fresno","36.9851185574381","-119.658339349936"
"02/25/2020","AQS","060190500","1","20","ug/m3 SC","19","Table Mountain Air Monitoring Site","1","100.0000","81102","PM10 Total 0-10um STP","23420","Fresno, CA","06","California","019","Fresno","36.9851185574381","-119.658339349936"
"02/26/2020","AQS","060190500","1","16","ug/m3 SC","15","Table Mountain Air Monitoring Site","1","100.0000","81102","PM10 Total 0-10um STP","23420","Fresno, CA","06","California","019","Fresno","36.9851185574381","-119.658339349936"
"02/27/2020","AQS","060190500","1","20","ug/m3 SC","19","Table Mountain Air Monitoring Site","1","100.0000","81102","PM10 Total 0-10um STP","23420","Fresno, CA","06","California","019","Fresno","36.9851185574381","-119.658339349936"
"02/28/2020","AQS","060190500","1","21","ug/m3 SC","19","Table Mountain Air Monitoring Site","1","100.0000","81102","PM10 Total 0-10um STP","23420","Fresno, CA","06","California","019","Fresno","36.9851185574381","-119.658339349936"
"02/29/2020","AQS","060190500","1","21","ug/m3 SC","19","Table Mountain Air Monitoring Site","1","100.0000","81102","PM10 Total 0-10um STP","23420","Fresno, CA","06","California","019","Fresno","36.9851185574381","-119.658339349936"
"01/01/2020","AQS","060290017","2","5","ug/m3 SC","5","Canebrake","1","100.0000","81102","PM10 Total 0-10um STP","12540","Bakersfield, CA","06","California","029","Kern","35.7277100008947","-118.13774"
"01/02/2020","AQS","060290017","2","3","ug/m3 SC","3","Canebrake","1","100.0000","81102","PM10 Total 0-10um STP","12540","Bakersfield, CA","06","California","029","Kern","35.7277100008947","-118.13774"
"01/03/2020","AQS","060290017","2","1","ug/m3 SC","1","Canebrake","1","100.0000","81102","PM10 Total 0-10um STP","12540","Bakersfield, CA","06","California","029","Kern","35.7277100008947","-118.13774"
"01/04/2020","AQS","060290017","2","1","ug/m3 SC","1","Canebrake","1","100.0000","81102","PM10 Total 0-10um STP","12540","Bakersfield, CA","06","California","029","Kern","35.7277100008947","-118.13774"
"01/05/2020","AQS","060290017","2","3","ug/m3 SC","3","Canebrake","1","100.0000","81102","PM10 Total 0-10um STP","12540","Bakersfield, CA","06","California","029","Kern","35.7277100008947","-118.13774"
"01/06/2020","AQS","060290017","2","2","ug/m3 SC","2","Canebrake","1","100.0000","81102","PM10 Total 0-10um STP","12540","Bakersfield, CA","06","California","029","Kern","35.7277100008947","-118.13774"
"01/07/2020","AQS","060290017","2","0","ug/m3 SC","0","Canebrake","1","100.0000","81102","PM10 Total 0-10um STP","12540","Bakersfield, CA","06","California","029","Kern","35.7277100008947","-118.13774"
"01/08/2020","AQS","060290017","2","1","ug/m3 SC","1","Canebrake","1","100.0000","81102","PM10 Total 0-10um STP","12540","Bakersfield, CA","06","California","029","Kern","35.7277100008947","-118.13774"
"01/09/2020","AQS","060290017","2","2","ug/m3 SC","2","Canebrake","1","100.0000","81102","PM10 Total 0-10um STP","12540","Bakersfield, CA","06","California","029","Kern","35.7277100008947","-118.13774"
"01/10/2020","AQS","060290017","2","1","ug/m3 SC","1","Canebrake","1","100.0000","81102","PM10 Total 0-10um STP","12540","Bakersfield, CA","06","California","029","Kern","35.7277100008947","-118.13774"
"01/11/2020","AQS","060290017","2","5","ug/m3 SC","5","Canebrake","1","100.0000","81102","PM10 Total 0-10um STP","12540","Bakersfield, CA","06","California","029","Kern","35.7277100008947","-118.13774"
"01/12/2020","AQS","060290017","2","5","ug/m3 SC","5","Canebrake","1","100.0000","81102","PM10 Total 0-10um STP","12540","Bakersfield, CA","06","California","029","Kern","35.7277100008947","-118.13774"
"01/13/2020","AQS","060290017","2","3","ug/m3 SC","3","Canebrake","1","100.0000","81102","PM10 Total 0-10um STP","12540","Bakersfield, CA","06","California","029","Kern","35.7277100008947","-118.13774"
"01/14/2020","AQS","060290017","2","3","ug/m3 SC","3","Canebrake","1","100.0000","81102","PM10 Total 0-10um STP","12540","Bakersfield, CA","06","California","029","Kern","35.7277100008947","-118.13774"
"01/15/2020","AQS","060290017","2","3","ug/m3 SC","3","Canebrake","1","100.0000","81102","PM10 Total 0-10um STP","12540","Bakersfield, CA","06","California","029","Kern","35.7277100008947","-118.13774"
"01/16/2020","AQS","060290017","2","3","ug/m3 SC","3","Canebrake","1","100.0000","81102","PM10 Total 0-10um STP","12540","Bakersfield, CA","06","California","029","Kern","35.7277100008947","-118.13774"
"01/17/2020","AQS","060290017","2","1","ug/m3 SC","1","Canebrake","1","100.0000","81102","PM10 Total 0-10um STP","12540","Bakersfield, CA","06","California","029","Kern","35.7277100008947","-118.13774"
"01/18/2020","AQS","060290017","2","0","ug/m3 SC","0","Canebrake","1","100.0000","81102","PM10 Total 0-10um STP","12540","Bakersfield, CA","06","California","029","Kern","35.7277100008947","-118.13774"
"01/19/2020","AQS","060290017","2","0","ug/m3 SC","0","Canebrake","1","100.0000","81102","PM10 Total 0-10um STP","12540","Bakersfield, CA","06","California","029","Kern","35.7277100008947","-118.13774"
"01/20/2020","AQS","060290017","2","3","ug/m3 SC","3","Canebrake","1","100.0000","81102","PM10 Total 0-10um STP","12540","Bakersfield, CA","06","California","029","Kern","35.7277100008947","-118.13774"
"01/21/2020","AQS","060290017","2","3","ug/m3 SC","3","Canebrake","1","100.0000","81102","PM10 Total 0-10um STP","12540","Bakersfield, CA","06","California","029","Kern","35.7277100008947","-118.13774"
"01/22/2020","AQS","060290017","2","2","ug/m3 SC","2","Canebrake","1","100.0000","81102","PM10 Total 0-10um STP","12540","Bakersfield, CA","06","California","029","Kern","35.7277100008947","-118.13774"
"01/23/2020","AQS","060290017","2","2","ug/m3 SC","2","Canebrake","1","100.0000","81102","PM10 Total 0-10um STP","12540","Bakersfield, CA","06","California","029","Kern","35.7277100008947","-118.13774"
"01/24/2020","AQS","060290017","2","2","ug/m3 SC","2","Canebrake","1","100.0000","81102","PM10 Total 0-10um STP","12540","Bakersfield, CA","06","California","029","Kern","35.7277100008947","-118.13774"
"01/25/2020","AQS","060290017","2","2","ug/m3 SC","2","Canebrake","1","100.0000","81102","PM10 Total 0-10um STP","12540","Bakersfield, CA","06","California","029","Kern","35.7277100008947","-118.13774"
"01/26/2020","AQS","060290017","2","3","ug/m3 SC","3","Canebrake","1","100.0000","81102","PM10 Total 0-10um STP","12540","Bakersfield, CA","06","California","029","Kern","35.7277100008947","-118.13774"
"01/27/2020","AQS","060290017","2","4","ug/m3 SC","4","Canebrake","1","100.0000","81102","PM10 Total 0-10um STP","12540","Bakersfield, CA","06","California","029","Kern","35.7277100008947","-118.13774"
"01/28/2020","AQS","060290017","2","3","ug/m3 SC","3","Canebrake","1","100.0000","81102","PM10 Total 0-10um STP","12540","Bakersfield, CA","06","California","029","Kern","35.7277100008947","-118.13774"
"01/29/2020","AQS","060290017","2","10","ug/m3 SC","9","Canebrake","1","100.0000","81102","PM10 Total 0-10um STP","12540","Bakersfield, CA","06","California","029","Kern","35.7277100008947","-118.13774"
"01/30/2020","AQS","060290017","2","4","ug/m3 SC","4","Canebrake","1","100.0000","81102","PM10 Total 0-10um STP","12540","Bakersfield, CA","06","California","029","Kern","35.7277100008947","-118.13774"
"01/31/2020","AQS","060290017","2","1","ug/m3 SC","1","Canebrake","1","100.0000","81102","PM10 Total 0-10um STP","12540","Bakersfield, CA","06","California","029","Kern","35.7277100008947","-118.13774"
"01/01/2020","AQS","060290018","1","3","ug/m3 SC","3","Ridgecrest-Ward","1","100.0000","81102","PM10 Total 0-10um STP","12540","Bakersfield, CA","06","California","029","Kern","35.6429431008838","-117.715066487047"
"01/02/2020","AQS","060290018","1","3","ug/m3 SC","3","Ridgecrest-Ward","1","100.0000","81102","PM10 Total 0-10um STP","12540","Bakersfield, CA","06","California","029","Kern","35.6429431008838","-117.715066487047"
"01/03/2020","AQS","060290018","1","3","ug/m3 SC","3","Ridgecrest-Ward","1","100.0000","81102","PM10 Total 0-10um STP","12540","Bakersfield, CA","06","California","029","Kern","35.6429431008838","-117.715066487047"
"01/04/2020","AQS","060290018","1","4","ug/m3 SC","4","Ridgecrest-Ward","1","100.0000","81102","PM10 Total 0-10um STP","12540","Bakersfield, CA","06","California","029","Kern","35.6429431008838","-117.715066487047"
"01/05/2020","AQS","060290018","1","3","ug/m3 SC","3","Ridgecrest-Ward","1","100.0000","81102","PM10 Total 0-10um STP","12540","Bakersfield, CA","06","California","029","Kern","35.6429431008838","-117.715066487047"
"01/06/2020","AQS","060290018","1","3","ug/m3 SC","3","Ridgecrest-Ward","1","100.0000","81102","PM10 Total 0-10um STP","12540","Bakersfield, CA","06","California","029","Kern","35.6429431008838","-117.715066487047"
"01/07/2020","AQS","060290018","1","3","ug/m3 SC","3","Ridgecrest-Ward","1","100.0000","81102","PM10 Total 0-10um STP","12540","Bakersfield, CA","06","California","029","Kern","35.6429431008838","-117.715066487047"
"01/08/2020","AQS","060290018","1","2","ug/m3 SC","2","Ridgecrest-Ward","1","100.0000","81102","PM10 Total 0-10um STP","12540","Bakersfield, CA","06","California","029","Kern","35.6429431008838","-117.715066487047"
"01/09/2020","AQS","060290018","1","4","ug/m3 SC","4","Ridgecrest-Ward","1","100.0000","81102","PM10 Total 0-10um STP","12540","Bakersfield, CA","06","California","029","Kern","35.6429431008838","-117.715066487047"
"01/10/2020","AQS","060290018","1","5","ug/m3 SC","5","Ridgecrest-Ward","1","100.0000","81102","PM10 Total 0-10um STP","12540","Bakersfield, CA","06","California","029","Kern","35.6429431008838","-117.715066487047"
"01/11/2020","AQS","060290018","1","7","ug/m3 SC","6","Ridgecrest-Ward","1","100.0000","81102","PM10 Total 0-10um STP","12540","Bakersfield, CA","06","California","029","Kern","35.6429431008838","-117.715066487047"
"01/12/2020","AQS","060290018","1","7","ug/m3 SC","6","Ridgecrest-Ward","1","100.0000","81102","PM10 Total 0-10um STP","12540","Bakersfield, CA","06","California","029","Kern","35.6429431008838","-117.715066487047"
"01/13/2020","AQS","060290018","1","7","ug/m3 SC","6","Ridgecrest-Ward","1","100.0000","81102","PM10 Total 0-10um STP","12540","Bakersfield, CA","06","California","029","Kern","35.6429431008838","-117.715066487047"
"01/14/2020","AQS","060290018","1","4","ug/m3 SC","4","Ridgecrest-Ward","1","100.0000","81102","PM10 Total 0-10um STP","12540","Bakersfield, CA","06","California","029","Kern","35.6429431008838","-117.715066487047"
"01/15/2020","AQS","060290018","1","6","ug/m3 SC","6","Ridgecrest-Ward","1","100.0000","81102","PM10 Total 0-10um STP","12540","Bakersfield, CA","06","California","029","Kern","35.6429431008838","-117.715066487047"
"01/16/2020","AQS","060290018","1","11","ug/m3 SC","10","Ridgecrest-Ward","1","100.0000","81102","PM10 Total 0-10um STP","12540","Bakersfield, CA","06","California","029","Kern","35.6429431008838","-117.715066487047"
"01/17/2020","AQS","060290018","1","4","ug/m3 SC","4","Ridgecrest-Ward","1","100.0000","81102","PM10 Total 0-10um STP","12540","Bakersfield, CA","06","California","029","Kern","35.6429431008838","-117.715066487047"
"01/18/2020","AQS","060290018","1","4","ug/m3 SC","4","Ridgecrest-Ward","1","100.0000","81102","PM10 Total 0-10um STP","12540","Bakersfield, CA","06","California","029","Kern","35.6429431008838","-117.715066487047"
"01/19/2020","AQS","060290018","1","4","ug/m3 SC","4","Ridgecrest-Ward","1","100.0000","81102","PM10 Total 0-10um STP","12540","Bakersfield, CA","06","California","029","Kern","35.6429431008838","-117.715066487047"
"01/20/2020","AQS","060290018","1","6","ug/m3 SC","6","Ridgecrest-Ward","1","100.0000","81102","PM10 Total 0-10um STP","12540","Bakersfield, CA","06","California","029","Kern","35.6429431008838","-117.715066487047"
"01/21/2020","AQS","060290018","1","3","ug/m3 SC","3","Ridgecrest-Ward","1","100.0000","81102","PM10 Total 0-10um STP","12540","Bakersfield, CA","06","California","029","Kern","35.6429431008838","-117.715066487047"
"01/22/2020","AQS","060290018","1","5","ug/m3 SC","5","Ridgecrest-Ward","1","100.0000","81102","PM10 Total 0-10um STP","12540","Bakersfield, CA","06","California","029","Kern","35.6429431008838","-117.715066487047"
"01/23/2020","AQS","060290018","1","5","ug/m3 SC","5","Ridgecrest-Ward","1","100.0000","81102","PM10 Total 0-10um STP","12540","Bakersfield, CA","06","California","029","Kern","35.6429431008838","-117.715066487047"
"01/24/2020","AQS","060290018","1","4","ug/m3 SC","4","Ridgecrest-Ward","1","100.0000","81102","PM10 Total 0-10um STP","12540","Bakersfield, CA","06","California","029","Kern","35.6429431008838","-117.715066487047"
"01/25/2020","AQS","060290018","1","6","ug/m3 SC","6","Ridgecrest-Ward","1","100.0000","81102","PM10 Total 0-10um STP","12540","Bakersfield, CA","06","California","029","Kern","35.6429431008838","-117.715066487047"
"01/26/2020","AQS","060290018","1","2","ug/m3 SC","2","Ridgecrest-Ward","1","100.0000","81102","PM10 Total 0-10um STP","12540","Bakersfield, CA","06","California","029","Kern","35.6429431008838","-117.715066487047"
"01/27/2020","AQS","060290018","1","4","ug/m3 SC","4","Ridgecrest-Ward","1","100.0000","81102","PM10 Total 0-10um STP","12540","Bakersfield, CA","06","California","029","Kern","35.6429431008838","-117.715066487047"
"01/28/2020","AQS","060290018","1","5","ug/m3 SC","5","Ridgecrest-Ward","1","100.0000","81102","PM10 Total 0-10um STP","12540","Bakersfield, CA","06","California","029","Kern","35.6429431008838","-117.715066487047"
"01/29/2020","AQS","060290018","1","24","ug/m3 SC","22","Ridgecrest-Ward","1","100.0000","81102","PM10 Total 0-10um STP","12540","Bakersfield, CA","06","California","029","Kern","35.6429431008838","-117.715066487047"
"01/30/2020","AQS","060290018","1","6","ug/m3 SC","6","Ridgecrest-Ward","1","100.0000","81102","PM10 Total 0-10um STP","12540","Bakersfield, CA","06","California","029","Kern","35.6429431008838","-117.715066487047"
"01/31/2020","AQS","060290018","1","7","ug/m3 SC","6","Ridgecrest-Ward","1","100.0000","81102","PM10 Total 0-10um STP","12540","Bakersfield, CA","06","California","029","Kern","35.6429431008838","-117.715066487047"
"01/01/2020","AQS","060310500","2","28","ug/m3 SC","26","Santa Rosa Rancheria","1","100.0000","81102","PM10 Total 0-10um STP","25260","Hanford-Corcoran, CA","06","California","031","Kings","36.2332736783669","-119.766211833042"
"01/02/2020","AQS","060310500","2","36","ug/m3 SC","33","Santa Rosa Rancheria","1","100.0000","81102","PM10 Total 0-10um STP","25260","Hanford-Corcoran, CA","06","California","031","Kings","36.2332736783669","-119.766211833042"
"01/03/2020","AQS","060310500","2","26","ug/m3 SC","24","Santa Rosa Rancheria","1","100.0000","81102","PM10 Total 0-10um STP","25260","Hanford-Corcoran, CA","06","California","031","Kings","36.2332736783669","-119.766211833042"
"01/04/2020","AQS","060310500","2","31","ug/m3 SC","29","Santa Rosa Rancheria","1","100.0000","81102","PM10 Total 0-10um STP","25260","Hanford-Corcoran, CA","06","California","031","Kings","36.2332736783669","-119.766211833042"
"01/05/2020","AQS","060310500","2","19","ug/m3 SC","18","Santa Rosa Rancheria","1","100.0000","81102","PM10 Total 0-10um STP","25260","Hanford-Corcoran, CA","06","California","031","Kings","36.2332736783669","-119.766211833042"
"01/06/2020","AQS","060310500","2","22","ug/m3 SC","20","Santa Rosa Rancheria","1","100.0000","81102","PM10 Total 0-10um STP","25260","Hanford-Corcoran, CA","06","California","031","Kings","36.2332736783669","-119.766211833042"
"01/07/2020","AQS","060310500","2","19","ug/m3 SC","18","Santa Rosa Rancheria","1","100.0000","81102","PM10 Total 0-10um STP","25260","Hanford-Corcoran, CA","06","California","031","Kings","36.2332736783669","-119.766211833042"
"01/08/2020","AQS","060310500","2","21","ug/m3 SC","19","Santa Rosa Rancheria","1","100.0000","81102","PM10 Total 0-10um STP","25260","Hanford-Corcoran, CA","06","California","031","Kings","36.2332736783669","-119.766211833042"
"01/09/2020","AQS","060310500","2","14","ug/m3 SC","13","Santa Rosa Rancheria","1","100.0000","81102","PM10 Total 0-10um STP","25260","Hanford-Corcoran, CA","06","California","031","Kings","36.2332736783669","-119.766211833042"
"01/10/2020","AQS","060310500","2","16","ug/m3 SC","15","Santa Rosa Rancheria","1","100.0000","81102","PM10 Total 0-10um STP","25260","Hanford-Corcoran, CA","06","California","031","Kings","36.2332736783669","-119.766211833042"
"01/11/2020","AQS","060310500","2","19","ug/m3 SC","18","Santa Rosa Rancheria","1","100.0000","81102","PM10 Total 0-10um STP","25260","Hanford-Corcoran, CA","06","California","031","Kings","36.2332736783669","-119.766211833042"
"01/12/2020","AQS","060310500","2","14","ug/m3 SC","13","Santa Rosa Rancheria","1","100.0000","81102","PM10 Total 0-10um STP","25260","Hanford-Corcoran, CA","06","California","031","Kings","36.2332736783669","-119.766211833042"
"01/13/2020","AQS","060310500","2","13","ug/m3 SC","12","Santa Rosa Rancheria","1","100.0000","81102","PM10 Total 0-10um STP","25260","Hanford-Corcoran, CA","06","California","031","Kings","36.2332736783669","-119.766211833042"
"01/14/2020","AQS","060310500","2","18","ug/m3 SC","17","Santa Rosa Rancheria","1","100.0000","81102","PM10 Total 0-10um STP","25260","Hanford-Corcoran, CA","06","California","031","Kings","36.2332736783669","-119.766211833042"
"01/15/2020","AQS","060310500","2","18","ug/m3 SC","17","Santa Rosa Rancheria","1","100.0000","81102","PM10 Total 0-10um STP","25260","Hanford-Corcoran, CA","06","California","031","Kings","36.2332736783669","-119.766211833042"
"01/16/2020","AQS","060310500","2","15","ug/m3 SC","14","Santa Rosa Rancheria","1","100.0000","81102","PM10 Total 0-10um STP","25260","Hanford-Corcoran, CA","06","California","031","Kings","36.2332736783669","-119.766211833042"
"01/17/2020","AQS","060310500","2","10","ug/m3 SC","9","Santa Rosa Rancheria","1","100.0000","81102","PM10 Total 0-10um STP","25260","Hanford-Corcoran, CA","06","California","031","Kings","36.2332736783669","-119.766211833042"
"01/18/2020","AQS","060310500","2","16","ug/m3 SC","15","Santa Rosa Rancheria","1","100.0000","81102","PM10 Total 0-10um STP","25260","Hanford-Corcoran, CA","06","California","031","Kings","36.2332736783669","-119.766211833042"
"01/19/2020","AQS","060310500","2","20","ug/m3 SC","19","Santa Rosa Rancheria","1","100.0000","81102","PM10 Total 0-10um STP","25260","Hanford-Corcoran, CA","06","California","031","Kings","36.2332736783669","-119.766211833042"
"01/20/2020","AQS","060310500","2","25","ug/m3 SC","23","Santa Rosa Rancheria","1","100.0000","81102","PM10 Total 0-10um STP","25260","Hanford-Corcoran, CA","06","California","031","Kings","36.2332736783669","-119.766211833042"
"01/21/2020","AQS","060310500","2","29","ug/m3 SC","27","Santa Rosa Rancheria","1","100.0000","81102","PM10 Total 0-10um STP","25260","Hanford-Corcoran, CA","06","California","031","Kings","36.2332736783669","-119.766211833042"
"01/22/2020","AQS","060310500","2","25","ug/m3 SC","23","Santa Rosa Rancheria","1","100.0000","81102","PM10 Total 0-10um STP","25260","Hanford-Corcoran, CA","06","California","031","Kings","36.2332736783669","-119.766211833042"
"01/23/2020","AQS","060310500","2","14","ug/m3 SC","13","Santa Rosa Rancheria","1","100.0000","81102","PM10 Total 0-10um STP","25260","Hanford-Corcoran, CA","06","California","031","Kings","36.2332736783669","-119.766211833042"
"01/24/2020","AQS","060310500","2","23","ug/m3 SC","21","Santa Rosa Rancheria","1","100.0000","81102","PM10 Total 0-10um STP","25260","Hanford-Corcoran, CA","06","California","031","Kings","36.2332736783669","-119.766211833042"
"01/25/2020","AQS","060310500","2","33","ug/m3 SC","31","Santa Rosa Rancheria","1","100.0000","81102","PM10 Total 0-10um STP","25260","Hanford-Corcoran, CA","06","California","031","Kings","36.2332736783669","-119.766211833042"
"01/26/2020","AQS","060310500","2","33","ug/m3 SC","31","Santa Rosa Rancheria","1","100.0000","81102","PM10 Total 0-10um STP","25260","Hanford-Corcoran, CA","06","California","031","Kings","36.2332736783669","-119.766211833042"
"01/27/2020","AQS","060310500","2","19","ug/m3 SC","18","Santa Rosa Rancheria","1","100.0000","81102","PM10 Total 0-10um STP","25260","Hanford-Corcoran, CA","06","California","031","Kings","36.2332736783669","-119.766211833042"
"01/28/2020","AQS","060310500","2","22","ug/m3 SC","20","Santa Rosa Rancheria","1","100.0000","81102","PM10 Total 0-10um STP","25260","Hanford-Corcoran, CA","06","California","031","Kings","36.2332736783669","-119.766211833042"
"01/29/2020","AQS","060310500","2","21","ug/m3 SC","19","Santa Rosa Rancheria","1","100.0000","81102","PM10 Total 0-10um STP","25260","Hanford-Corcoran, CA","06","California","031","Kings","36.2332736783669","-119.766211833042"
"01/30/2020","AQS","060310500","2","23","ug/m3 SC","21","Santa Rosa Rancheria","1","100.0000","81102","PM10 Total 0-10um STP","25260","Hanford-Corcoran, CA","06","California","031","Kings","36.2332736783669","-119.766211833042"
"01/31/2020","AQS","060310500","2","32","ug/m3 SC","30","Santa Rosa Rancheria","1","100.0000","81102","PM10 Total 0-10um STP","25260","Hanford-Corcoran, CA","06","California","031","Kings","36.2332736783669","-119.766211833042"
"02/01/2020","AQS","060310500","2","41","ug/m3 SC","38","Santa Rosa Rancheria","1","100.0000","81102","PM10 Total 0-10um STP","25260","Hanford-Corcoran, CA","06","California","031","Kings","36.2332736783669","-119.766211833042"
"02/02/2020","AQS","060310500","2","38","ug/m3 SC","35","Santa Rosa Rancheria","1","100.0000","81102","PM10 Total 0-10um STP","25260","Hanford-Corcoran, CA","06","California","031","Kings","36.2332736783669","-119.766211833042"
"02/03/2020","AQS","060310500","2","23","ug/m3 SC","21","Santa Rosa Rancheria","1","100.0000","81102","PM10 Total 0-10um STP","25260","Hanford-Corcoran, CA","06","California","031","Kings","36.2332736783669","-119.766211833042"
"02/04/2020","AQS","060310500","2","24","ug/m3 SC","22","Santa Rosa Rancheria","1","100.0000","81102","PM10 Total 0-10um STP","25260","Hanford-Corcoran, CA","06","California","031","Kings","36.2332736783669","-119.766211833042"
"02/05/2020","AQS","060310500","2","36","ug/m3 SC","33","Santa Rosa Rancheria","1","100.0000","81102","PM10 Total 0-10um STP","25260","Hanford-Corcoran, CA","06","California","031","Kings","36.2332736783669","-119.766211833042"
"02/06/2020","AQS","060310500","2","50","ug/m3 SC","46","Santa Rosa Rancheria","1","100.0000","81102","PM10 Total 0-10um STP","25260","Hanford-Corcoran, CA","06","California","031","Kings","36.2332736783669","-119.766211833042"
"02/07/2020","AQS","060310500","2","59","ug/m3 SC","53","Santa Rosa Rancheria","1","100.0000","81102","PM10 Total 0-10um STP","25260","Hanford-Corcoran, CA","06","California","031","Kings","36.2332736783669","-119.766211833042"
"02/08/2020","AQS","060310500","2","49","ug/m3 SC","45","Santa Rosa Rancheria","1","100.0000","81102","PM10 Total 0-10um STP","25260","Hanford-Corcoran, CA","06","California","031","Kings","36.2332736783669","-119.766211833042"
"02/09/2020","AQS","060310500","2","28","ug/m3 SC","26","Santa Rosa Rancheria","1","100.0000","81102","PM10 Total 0-10um STP","25260","Hanford-Corcoran, CA","06","California","031","Kings","36.2332736783669","-119.766211833042"
"02/10/2020","AQS","060310500","2","45","ug/m3 SC","42","Santa Rosa Rancheria","1","100.0000","81102","PM10 Total 0-10um STP","25260","Hanford-Corcoran, CA","06","California","031","Kings","36.2332736783669","-119.766211833042"
"02/11/2020","AQS","060310500","2","42","ug/m3 SC","39","Santa Rosa Rancheria","1","100.0000","81102","PM10 Total 0-10um STP","25260","Hanford-Corcoran, CA","06","California","031","Kings","36.2332736783669","-119.766211833042"
"02/12/2020","AQS","060310500","2","44","ug/m3 SC","41","Santa Rosa Rancheria","1","100.0000","81102","PM10 Total 0-10um STP","25260","Hanford-Corcoran, CA","06","California","031","Kings","36.2332736783669","-119.766211833042"
"02/13/2020","AQS","060310500","2","49","ug/m3 SC","45","Santa Rosa Rancheria","1","100.0000","81102","PM10 Total 0-10um STP","25260","Hanford-Corcoran, CA","06","California","031","Kings","36.2332736783669","-119.766211833042"
"02/14/2020","AQS","060310500","2","41","ug/m3 SC","38","Santa Rosa Rancheria","1","100.0000","81102","PM10 Total 0-10um STP","25260","Hanford-Corcoran, CA","06","California","031","Kings","36.2332736783669","-119.766211833042"
"02/15/2020","AQS","060310500","2","47","ug/m3 SC","44","Santa Rosa Rancheria","1","100.0000","81102","PM10 Total 0-10um STP","25260","Hanford-Corcoran, CA","06","California","031","Kings","36.2332736783669","-119.766211833042"
"02/16/2020","AQS","060310500","2","29","ug/m3 SC","27","Santa Rosa Rancheria","1","100.0000","81102","PM10 Total 0-10um STP","25260","Hanford-Corcoran, CA","06","California","031","Kings","36.2332736783669","-119.766211833042"
"02/17/2020","AQS","060310500","2","27","ug/m3 SC","25","Santa Rosa Rancheria","1","100.0000","81102","PM10 Total 0-10um STP","25260","Hanford-Corcoran, CA","06","California","031","Kings","36.2332736783669","-119.766211833042"
"02/18/2020","AQS","060310500","2","35","ug/m3 SC","32","Santa Rosa Rancheria","1","100.0000","81102","PM10 Total 0-10um STP","25260","Hanford-Corcoran, CA","06","California","031","Kings","36.2332736783669","-119.766211833042"
"02/19/2020","AQS","060310500","2","34","ug/m3 SC","31","Santa Rosa Rancheria","1","100.0000","81102","PM10 Total 0-10um STP","25260","Hanford-Corcoran, CA","06","California","031","Kings","36.2332736783669","-119.766211833042"
"02/20/2020","AQS","060310500","2","45","ug/m3 SC","42","Santa Rosa Rancheria","1","100.0000","81102","PM10 Total 0-10um STP","25260","Hanford-Corcoran, CA","06","California","031","Kings","36.2332736783669","-119.766211833042"
"02/21/2020","AQS","060310500","2","50","ug/m3 SC","46","Santa Rosa Rancheria","1","100.0000","81102","PM10 Total 0-10um STP","25260","Hanford-Corcoran, CA","06","California","031","Kings","36.2332736783669","-119.766211833042"
"02/22/2020","AQS","060310500","2","27","ug/m3 SC","25","Santa Rosa Rancheria","1","100.0000","81102","PM10 Total 0-10um STP","25260","Hanford-Corcoran, CA","06","California","031","Kings","36.2332736783669","-119.766211833042"
"02/23/2020","AQS","060310500","2","24","ug/m3 SC","22","Santa Rosa Rancheria","1","100.0000","81102","PM10 Total 0-10um STP","25260","Hanford-Corcoran, CA","06","California","031","Kings","36.2332736783669","-119.766211833042"
"02/24/2020","AQS","060310500","2","29","ug/m3 SC","27","Santa Rosa Rancheria","1","100.0000","81102","PM10 Total 0-10um STP","25260","Hanford-Corcoran, CA","06","California","031","Kings","36.2332736783669","-119.766211833042"
"02/25/2020","AQS","060310500","2","37","ug/m3 SC","34","Santa Rosa Rancheria","1","100.0000","81102","PM10 Total 0-10um STP","25260","Hanford-Corcoran, CA","06","California","031","Kings","36.2332736783669","-119.766211833042"
"02/26/2020","AQS","060310500","2","38","ug/m3 SC","35","Santa Rosa Rancheria","1","100.0000","81102","PM10 Total 0-10um STP","25260","Hanford-Corcoran, CA","06","California","031","Kings","36.2332736783669","-119.766211833042"
"02/27/2020","AQS","060310500","2","59","ug/m3 SC","53","Santa Rosa Rancheria","1","100.0000","81102","PM10 Total 0-10um STP","25260","Hanford-Corcoran, CA","06","California","031","Kings","36.2332736783669","-119.766211833042"
"02/28/2020","AQS","060310500","2","74","ug/m3 SC","60","Santa Rosa Rancheria","1","100.0000","81102","PM10 Total 0-10um STP","25260","Hanford-Corcoran, CA","06","California","031","Kings","36.2332736783669","-119.766211833042"
"02/29/2020","AQS","060310500","2","47","ug/m3 SC","44","Santa Rosa Rancheria","1","100.0000","81102","PM10 Total 0-10um STP","25260","Hanford-Corcoran, CA","06","California","031","Kings","36.2332736783669","-119.766211833042"
"01/01/2020","AQS","060650500","1","11","ug/m3 SC","10","29 Palms","1","100.0000","81102","PM10 Total 0-10um STP","40140","Riverside-San Bernardino-Ontario, CA","06","California","065","Riverside","33.7196900008716","-116.1897"
"01/02/2020","AQS","060650500","1","12","ug/m3 SC","11","29 Palms","1","100.0000","81102","PM10 Total 0-10um STP","40140","Riverside-San Bernardino-Ontario, CA","06","California","065","Riverside","33.7196900008716","-116.1897"
"01/03/2020","AQS","060650500","1","15","ug/m3 SC","14","29 Palms","1","100.0000","81102","PM10 Total 0-10um STP","40140","Riverside-San Bernardino-Ontario, CA","06","California","065","Riverside","33.7196900008716","-116.1897"
"01/04/2020","AQS","060650500","1","16","ug/m3 SC","15","29 Palms","1","100.0000","81102","PM10 Total 0-10um STP","40140","Riverside-San Bernardino-Ontario, CA","06","California","065","Riverside","33.7196900008716","-116.1897"
"01/05/2020","AQS","060650500","1","14","ug/m3 SC","13","29 Palms","1","100.0000","81102","PM10 Total 0-10um STP","40140","Riverside-San Bernardino-Ontario, CA","06","California","065","Riverside","33.7196900008716","-116.1897"
"01/06/2020","AQS","060650500","1","12","ug/m3 SC","11","29 Palms","1","100.0000","81102","PM10 Total 0-10um STP","40140","Riverside-San Bernardino-Ontario, CA","06","California","065","Riverside","33.7196900008716","-116.1897"
"01/07/2020","AQS","060650500","1","19","ug/m3 SC","18","29 Palms","1","100.0000","81102","PM10 Total 0-10um STP","40140","Riverside-San Bernardino-Ontario, CA","06","California","065","Riverside","33.7196900008716","-116.1897"
"01/08/2020","AQS","060650500","1","23","ug/m3 SC","21","29 Palms","1","100.0000","81102","PM10 Total 0-10um STP","40140","Riverside-San Bernardino-Ontario, CA","06","California","065","Riverside","33.7196900008716","-116.1897"
"01/09/2020","AQS","060650500","1","25","ug/m3 SC","23","29 Palms","1","100.0000","81102","PM10 Total 0-10um STP","40140","Riverside-San Bernardino-Ontario, CA","06","California","065","Riverside","33.7196900008716","-116.1897"
"01/11/2020","AQS","060650500","1","21","ug/m3 SC","19","29 Palms","1","100.0000","81102","PM10 Total 0-10um STP","40140","Riverside-San Bernardino-Ontario, CA","06","California","065","Riverside","33.7196900008716","-116.1897"
"01/12/2020","AQS","060650500","1","21","ug/m3 SC","19","29 Palms","1","100.0000","81102","PM10 Total 0-10um STP","40140","Riverside-San Bernardino-Ontario, CA","06","California","065","Riverside","33.7196900008716","-116.1897"
"01/13/2020","AQS","060650500","1","28","ug/m3 SC","26","29 Palms","1","100.0000","81102","PM10 Total 0-10um STP","40140","Riverside-San Bernardino-Ontario, CA","06","California","065","Riverside","33.7196900008716","-116.1897"
"01/14/2020","AQS","060650500","1","30","ug/m3 SC","28","29 Palms","1","100.0000","81102","PM10 Total 0-10um STP","40140","Riverside-San Bernardino-Ontario, CA","06","California","065","Riverside","33.7196900008716","-116.1897"
"01/15/2020","AQS","060650500","1","32","ug/m3 SC","30","29 Palms","1","100.0000","81102","PM10 Total 0-10um STP","40140","Riverside-San Bernardino-Ontario, CA","06","California","065","Riverside","33.7196900008716","-116.1897"
"01/16/2020","AQS","060650500","1","28","ug/m3 SC","26","29 Palms","1","100.0000","81102","PM10 Total 0-10um STP","40140","Riverside-San Bernardino-Ontario, CA","06","California","065","Riverside","33.7196900008716","-116.1897"
"01/17/2020","AQS","060650500","1","19","ug/m3 SC","18","29 Palms","1","100.0000","81102","PM10 Total 0-10um STP","40140","Riverside-San Bernardino-Ontario, CA","06","California","065","Riverside","33.7196900008716","-116.1897"
"01/18/2020","AQS","060650500","1","15","ug/m3 SC","14","29 Palms","1","100.0000","81102","PM10 Total 0-10um STP","40140","Riverside-San Bernardino-Ontario, CA","06","California","065","Riverside","33.7196900008716","-116.1897"
"01/19/2020","AQS","060650500","1","18","ug/m3 SC","17","29 Palms","1","100.0000","81102","PM10 Total 0-10um STP","40140","Riverside-San Bernardino-Ontario, CA","06","California","065","Riverside","33.7196900008716","-116.1897"
"01/20/2020","AQS","060650500","1","33","ug/m3 SC","31","29 Palms","1","100.0000","81102","PM10 Total 0-10um STP","40140","Riverside-San Bernardino-Ontario, CA","06","California","065","Riverside","33.7196900008716","-116.1897"
"01/21/2020","AQS","060650500","1","23","ug/m3 SC","21","29 Palms","1","100.0000","81102","PM10 Total 0-10um STP","40140","Riverside-San Bernardino-Ontario, CA","06","California","065","Riverside","33.7196900008716","-116.1897"
"01/22/2020","AQS","060650500","1","21","ug/m3 SC","19","29 Palms","1","100.0000","81102","PM10 Total 0-10um STP","40140","Riverside-San Bernardino-Ontario, CA","06","California","065","Riverside","33.7196900008716","-116.1897"
"01/23/2020","AQS","060650500","1","23","ug/m3 SC","21","29 Palms","1","100.0000","81102","PM10 Total 0-10um STP","40140","Riverside-San Bernardino-Ontario, CA","06","California","065","Riverside","33.7196900008716","-116.1897"
"01/24/2020","AQS","060650500","1","20","ug/m3 SC","19","29 Palms","1","100.0000","81102","PM10 Total 0-10um STP","40140","Riverside-San Bernardino-Ontario, CA","06","California","065","Riverside","33.7196900008716","-116.1897"
"01/25/2020","AQS","060650500","1","20","ug/m3 SC","19","29 Palms","1","100.0000","81102","PM10 Total 0-10um STP","40140","Riverside-San Bernardino-Ontario, CA","06","California","065","Riverside","33.7196900008716","-116.1897"
"01/26/2020","AQS","060650500","1","24","ug/m3 SC","22","29 Palms","1","100.0000","81102","PM10 Total 0-10um STP","40140","Riverside-San Bernardino-Ontario, CA","06","California","065","Riverside","33.7196900008716","-116.1897"
"01/27/2020","AQS","060650500","1","29","ug/m3 SC","27","29 Palms","1","100.0000","81102","PM10 Total 0-10um STP","40140","Riverside-San Bernardino-Ontario, CA","06","California","065","Riverside","33.7196900008716","-116.1897"
"01/28/2020","AQS","060650500","1","22","ug/m3 SC","20","29 Palms","1","100.0000","81102","PM10 Total 0-10um STP","40140","Riverside-San Bernardino-Ontario, CA","06","California","065","Riverside","33.7196900008716","-116.1897"
"01/29/2020","AQS","060650500","1","78","ug/m3 SC","62","29 Palms","1","100.0000","81102","PM10 Total 0-10um STP","40140","Riverside-San Bernardino-Ontario, CA","06","California","065","Riverside","33.7196900008716","-116.1897"
"01/30/2020","AQS","060650500","1","19","ug/m3 SC","18","29 Palms","1","100.0000","81102","PM10 Total 0-10um STP","40140","Riverside-San Bernardino-Ontario, CA","06","California","065","Riverside","33.7196900008716","-116.1897"
"01/31/2020","AQS","060650500","1","22","ug/m3 SC","20","29 Palms","1","100.0000","81102","PM10 Total 0-10um STP","40140","Riverside-San Bernardino-Ontario, CA","06","California","065","Riverside","33.7196900008716","-116.1897"
"02/01/2020","AQS","060650500","1","22","ug/m3 SC","20","29 Palms","1","100.0000","81102","PM10 Total 0-10um STP","40140","Riverside-San Bernardino-Ontario, CA","06","California","065","Riverside","33.7196900008716","-116.1897"
"02/02/2020","AQS","060650500","1","26","ug/m3 SC","24","29 Palms","1","100.0000","81102","PM10 Total 0-10um STP","40140","Riverside-San Bernardino-Ontario, CA","06","California","065","Riverside","33.7196900008716","-116.1897"
"02/03/2020","AQS","060650500","1","58","ug/m3 SC","52","29 Palms","1","100.0000","81102","PM10 Total 0-10um STP","40140","Riverside-San Bernardino-Ontario, CA","06","California","065","Riverside","33.7196900008716","-116.1897"
"02/04/2020","AQS","060650500","1","21","ug/m3 SC","19","29 Palms","1","100.0000","81102","PM10 Total 0-10um STP","40140","Riverside-San Bernardino-Ontario, CA","06","California","065","Riverside","33.7196900008716","-116.1897"
"02/05/2020","AQS","060650500","1","24","ug/m3 SC","22","29 Palms","1","100.0000","81102","PM10 Total 0-10um STP","40140","Riverside-San Bernardino-Ontario, CA","06","California","065","Riverside","33.7196900008716","-116.1897"
"02/06/2020","AQS","060650500","1","35","ug/m3 SC","32","29 Palms","1","100.0000","81102","PM10 Total 0-10um STP","40140","Riverside-San Bernardino-Ontario, CA","06","California","065","Riverside","33.7196900008716","-116.1897"
"02/08/2020","AQS","060650500","1","49","ug/m3 SC","45","29 Palms","1","100.0000","81102","PM10 Total 0-10um STP","40140","Riverside-San Bernardino-Ontario, CA","06","California","065","Riverside","33.7196900008716","-116.1897"
"02/09/2020","AQS","060650500","1","35","ug/m3 SC","32","29 Palms","1","100.0000","81102","PM10 Total 0-10um STP","40140","Riverside-San Bernardino-Ontario, CA","06","California","065","Riverside","33.7196900008716","-116.1897"
"02/10/2020","AQS","060650500","1","14","ug/m3 SC","13","29 Palms","1","100.0000","81102","PM10 Total 0-10um STP","40140","Riverside-San Bernardino-Ontario, CA","06","California","065","Riverside","33.7196900008716","-116.1897"
"02/11/2020","AQS","060650500","1","27","ug/m3 SC","25","29 Palms","1","100.0000","81102","PM10 Total 0-10um STP","40140","Riverside-San Bernardino-Ontario, CA","06","California","065","Riverside","33.7196900008716","-116.1897"
"02/12/2020","AQS","060650500","1","23","ug/m3 SC","21","29 Palms","1","100.0000","81102","PM10 Total 0-10um STP","40140","Riverside-San Bernardino-Ontario, CA","06","California","065","Riverside","33.7196900008716","-116.1897"
"02/13/2020","AQS","060650500","1","27","ug/m3 SC","25","29 Palms","1","100.0000","81102","PM10 Total 0-10um STP","40140","Riverside-San Bernardino-Ontario, CA","06","California","065","Riverside","33.7196900008716","-116.1897"
"02/14/2020","AQS","060650500","1","26","ug/m3 SC","24","29 Palms","1","100.0000","81102","PM10 Total 0-10um STP","40140","Riverside-San Bernardino-Ontario, CA","06","California","065","Riverside","33.7196900008716","-116.1897"
"02/15/2020","AQS","060650500","1","29","ug/m3 SC","27","29 Palms","1","100.0000","81102","PM10 Total 0-10um STP","40140","Riverside-San Bernardino-Ontario, CA","06","California","065","Riverside","33.7196900008716","-116.1897"
"02/16/2020","AQS","060650500","1","31","ug/m3 SC","29","29 Palms","1","100.0000","81102","PM10 Total 0-10um STP","40140","Riverside-San Bernardino-Ontario, CA","06","California","065","Riverside","33.7196900008716","-116.1897"
"02/17/2020","AQS","060650500","1","39","ug/m3 SC","36","29 Palms","1","100.0000","81102","PM10 Total 0-10um STP","40140","Riverside-San Bernardino-Ontario, CA","06","California","065","Riverside","33.7196900008716","-116.1897"
"02/18/2020","AQS","060650500","1","29","ug/m3 SC","27","29 Palms","1","100.0000","81102","PM10 Total 0-10um STP","40140","Riverside-San Bernardino-Ontario, CA","06","California","065","Riverside","33.7196900008716","-116.1897"
"02/19/2020","AQS","060650500","1","34","ug/m3 SC","31","29 Palms","1","100.0000","81102","PM10 Total 0-10um STP","40140","Riverside-San Bernardino-Ontario, CA","06","California","065","Riverside","33.7196900008716","-116.1897"
"02/20/2020","AQS","060650500","1","31","ug/m3 SC","29","29 Palms","1","100.0000","81102","PM10 Total 0-10um STP","40140","Riverside-San Bernardino-Ontario, CA","06","California","065","Riverside","33.7196900008716","-116.1897"
"02/21/2020","AQS","060650500","1","30","ug/m3 SC","28","29 Palms","1","100.0000","81102","PM10 Total 0-10um STP","40140","Riverside-San Bernardino-Ontario, CA","06","California","065","Riverside","33.7196900008716","-116.1897"
"02/22/2020","AQS","060650500","1","31","ug/m3 SC","29","29 Palms","1","100.0000","81102","PM10 Total 0-10um STP","40140","Riverside-San Bernardino-Ontario, CA","06","California","065","Riverside","33.7196900008716","-116.1897"
"02/23/2020","AQS","060650500","1","18","ug/m3 SC","17","29 Palms","1","100.0000","81102","PM10 Total 0-10um STP","40140","Riverside-San Bernardino-Ontario, CA","06","California","065","Riverside","33.7196900008716","-116.1897"
"02/24/2020","AQS","060650500","1","26","ug/m3 SC","24","29 Palms","1","100.0000","81102","PM10 Total 0-10um STP","40140","Riverside-San Bernardino-Ontario, CA","06","California","065","Riverside","33.7196900008716","-116.1897"
"02/25/2020","AQS","060650500","1","23","ug/m3 SC","21","29 Palms","1","100.0000","81102","PM10 Total 0-10um STP","40140","Riverside-San Bernardino-Ontario, CA","06","California","065","Riverside","33.7196900008716","-116.1897"
"02/26/2020","AQS","060650500","1","22","ug/m3 SC","20","29 Palms","1","100.0000","81102","PM10 Total 0-10um STP","40140","Riverside-San Bernardino-Ontario, CA","06","California","065","Riverside","33.7196900008716","-116.1897"
"02/27/2020","AQS","060650500","1","28","ug/m3 SC","26","29 Palms","1","100.0000","81102","PM10 Total 0-10um STP","40140","Riverside-San Bernardino-Ontario, CA","06","California","065","Riverside","33.7196900008716","-116.1897"
"02/28/2020","AQS","060650500","1","33","ug/m3 SC","31","29 Palms","1","100.0000","81102","PM10 Total 0-10um STP","40140","Riverside-San Bernardino-Ontario, CA","06","California","065","Riverside","33.7196900008716","-116.1897"
"02/29/2020","AQS","060650500","1","34","ug/m3 SC","31","29 Palms","1","100.0000","81102","PM10 Total 0-10um STP","40140","Riverside-San Bernardino-Ontario, CA","06","California","065","Riverside","33.7196900008716","-116.1897"
"01/01/2020","AQS","060651999","1","16","ug/m3 SC","15","Torres Martinez Administration Site","1","100.0000","81102","PM10 Total 0-10um STP","40140","Riverside-San Bernardino-Ontario, CA","06","California","065","Riverside","33.56125","-116.153383"
"01/02/2020","AQS","060651999","1","13","ug/m3 SC","12","Torres Martinez Administration Site","1","100.0000","81102","PM10 Total 0-10um STP","40140","Riverside-San Bernardino-Ontario, CA","06","California","065","Riverside","33.56125","-116.153383"
"01/03/2020","AQS","060651999","1","17","ug/m3 SC","16","Torres Martinez Administration Site","1","100.0000","81102","PM10 Total 0-10um STP","40140","Riverside-San Bernardino-Ontario, CA","06","California","065","Riverside","33.56125","-116.153383"
"01/04/2020","AQS","060651999","1","14","ug/m3 SC","13","Torres Martinez Administration Site","1","100.0000","81102","PM10 Total 0-10um STP","40140","Riverside-San Bernardino-Ontario, CA","06","California","065","Riverside","33.56125","-116.153383"
"01/05/2020","AQS","060651999","1","15","ug/m3 SC","14","Torres Martinez Administration Site","1","100.0000","81102","PM10 Total 0-10um STP","40140","Riverside-San Bernardino-Ontario, CA","06","California","065","Riverside","33.56125","-116.153383"
"01/06/2020","AQS","060651999","1","13","ug/m3 SC","12","Torres Martinez Administration Site","1","100.0000","81102","PM10 Total 0-10um STP","40140","Riverside-San Bernardino-Ontario, CA","06","California","065","Riverside","33.56125","-116.153383"
"01/07/2020","AQS","060651999","1","19","ug/m3 SC","18","Torres Martinez Administration Site","1","100.0000","81102","PM10 Total 0-10um STP","40140","Riverside-San Bernardino-Ontario, CA","06","California","065","Riverside","33.56125","-116.153383"
"01/08/2020","AQS","060651999","1","20","ug/m3 SC","19","Torres Martinez Administration Site","1","100.0000","81102","PM10 Total 0-10um STP","40140","Riverside-San Bernardino-Ontario, CA","06","California","065","Riverside","33.56125","-116.153383"
"01/09/2020","AQS","060651999","1","19","ug/m3 SC","18","Torres Martinez Administration Site","1","100.0000","81102","PM10 Total 0-10um STP","40140","Riverside-San Bernardino-Ontario, CA","06","California","065","Riverside","33.56125","-116.153383"
"01/10/2020","AQS","060651999","1","15","ug/m3 SC","14","Torres Martinez Administration Site","1","100.0000","81102","PM10 Total 0-10um STP","40140","Riverside-San Bernardino-Ontario, CA","06","California","065","Riverside","33.56125","-116.153383"
"01/11/2020","AQS","060651999","1","23","ug/m3 SC","21","Torres Martinez Administration Site","1","100.0000","81102","PM10 Total 0-10um STP","40140","Riverside-San Bernardino-Ontario, CA","06","California","065","Riverside","33.56125","-116.153383"
"01/12/2020","AQS","060651999","1","20","ug/m3 SC","19","Torres Martinez Administration Site","1","100.0000","81102","PM10 Total 0-10um STP","40140","Riverside-San Bernardino-Ontario, CA","06","California","065","Riverside","33.56125","-116.153383"
"01/13/2020","AQS","060651999","1","33","ug/m3 SC","31","Torres Martinez Administration Site","1","100.0000","81102","PM10 Total 0-10um STP","40140","Riverside-San Bernardino-Ontario, CA","06","California","065","Riverside","33.56125","-116.153383"
"01/14/2020","AQS","060651999","1","30","ug/m3 SC","28","Torres Martinez Administration Site","1","100.0000","81102","PM10 Total 0-10um STP","40140","Riverside-San Bernardino-Ontario, CA","06","California","065","Riverside","33.56125","-116.153383"
"01/15/2020","AQS","060651999","1","30","ug/m3 SC","28","Torres Martinez Administration Site","1","100.0000","81102","PM10 Total 0-10um STP","40140","Riverside-San Bernardino-Ontario, CA","06","California","065","Riverside","33.56125","-116.153383"
"01/16/2020","AQS","060651999","1","29","ug/m3 SC","27","Torres Martinez Administration Site","1","100.0000","81102","PM10 Total 0-10um STP","40140","Riverside-San Bernardino-Ontario, CA","06","California","065","Riverside","33.56125","-116.153383"
"01/17/2020","AQS","060651999","1","23","ug/m3 SC","21","Torres Martinez Administration Site","1","100.0000","81102","PM10 Total 0-10um STP","40140","Riverside-San Bernardino-Ontario, CA","06","California","065","Riverside","33.56125","-116.153383"
"01/18/2020","AQS","060651999","1","16","ug/m3 SC","15","Torres Martinez Administration Site","1","100.0000","81102","PM10 Total 0-10um STP","40140","Riverside-San Bernardino-Ontario, CA","06","California","065","Riverside","33.56125","-116.153383"
"01/19/2020","AQS","060651999","1","24","ug/m3 SC","22","Torres Martinez Administration Site","1","100.0000","81102","PM10 Total 0-10um STP","40140","Riverside-San Bernardino-Ontario, CA","06","California","065","Riverside","33.56125","-116.153383"
"01/20/2020","AQS","060651999","1","36","ug/m3 SC","33","Torres Martinez Administration Site","1","100.0000","81102","PM10 Total 0-10um STP","40140","Riverside-San Bernardino-Ontario, CA","06","California","065","Riverside","33.56125","-116.153383"
"01/21/2020","AQS","060651999","1","22","ug/m3 SC","20","Torres Martinez Administration Site","1","100.0000","81102","PM10 Total 0-10um STP","40140","Riverside-San Bernardino-Ontario, CA","06","California","065","Riverside","33.56125","-116.153383"
"01/22/2020","AQS","060651999","1","20","ug/m3 SC","19","Torres Martinez Administration Site","1","100.0000","81102","PM10 Total 0-10um STP","40140","Riverside-San Bernardino-Ontario, CA","06","California","065","Riverside","33.56125","-116.153383"
"01/23/2020","AQS","060651999","1","24","ug/m3 SC","22","Torres Martinez Administration Site","1","100.0000","81102","PM10 Total 0-10um STP","40140","Riverside-San Bernardino-Ontario, CA","06","California","065","Riverside","33.56125","-116.153383"
"01/24/2020","AQS","060651999","1","22","ug/m3 SC","20","Torres Martinez Administration Site","1","100.0000","81102","PM10 Total 0-10um STP","40140","Riverside-San Bernardino-Ontario, CA","06","California","065","Riverside","33.56125","-116.153383"
"01/25/2020","AQS","060651999","1","21","ug/m3 SC","19","Torres Martinez Administration Site","1","100.0000","81102","PM10 Total 0-10um STP","40140","Riverside-San Bernardino-Ontario, CA","06","California","065","Riverside","33.56125","-116.153383"
"01/26/2020","AQS","060651999","1","20","ug/m3 SC","19","Torres Martinez Administration Site","1","100.0000","81102","PM10 Total 0-10um STP","40140","Riverside-San Bernardino-Ontario, CA","06","California","065","Riverside","33.56125","-116.153383"
"01/27/2020","AQS","060651999","1","27","ug/m3 SC","25","Torres Martinez Administration Site","1","100.0000","81102","PM10 Total 0-10um STP","40140","Riverside-San Bernardino-Ontario, CA","06","California","065","Riverside","33.56125","-116.153383"
"01/28/2020","AQS","060651999","1","24","ug/m3 SC","22","Torres Martinez Administration Site","1","100.0000","81102","PM10 Total 0-10um STP","40140","Riverside-San Bernardino-Ontario, CA","06","California","065","Riverside","33.56125","-116.153383"
"01/29/2020","AQS","060651999","1","359","ug/m3 SC","207","Torres Martinez Administration Site","1","100.0000","81102","PM10 Total 0-10um STP","40140","Riverside-San Bernardino-Ontario, CA","06","California","065","Riverside","33.56125","-116.153383"
"01/30/2020","AQS","060651999","1","39","ug/m3 SC","36","Torres Martinez Administration Site","1","100.0000","81102","PM10 Total 0-10um STP","40140","Riverside-San Bernardino-Ontario, CA","06","California","065","Riverside","33.56125","-116.153383"
"01/31/2020","AQS","060651999","1","31","ug/m3 SC","29","Torres Martinez Administration Site","1","100.0000","81102","PM10 Total 0-10um STP","40140","Riverside-San Bernardino-Ontario, CA","06","California","065","Riverside","33.56125","-116.153383"
"02/01/2020","AQS","060651999","1","28","ug/m3 SC","26","Torres Martinez Administration Site","1","100.0000","81102","PM10 Total 0-10um STP","40140","Riverside-San Bernardino-Ontario, CA","06","California","065","Riverside","33.56125","-116.153383"
"02/02/2020","AQS","060651999","1","24","ug/m3 SC","22","Torres Martinez Administration Site","1","100.0000","81102","PM10 Total 0-10um STP","40140","Riverside-San Bernardino-Ontario, CA","06","California","065","Riverside","33.56125","-116.153383"
"02/03/2020","AQS","060651999","1","66","ug/m3 SC","56","Torres Martinez Administration Site","1","100.0000","81102","PM10 Total 0-10um STP","40140","Riverside-San Bernardino-Ontario, CA","06","California","065","Riverside","33.56125","-116.153383"
"02/04/2020","AQS","060651999","1","39","ug/m3 SC","36","Torres Martinez Administration Site","1","100.0000","81102","PM10 Total 0-10um STP","40140","Riverside-San Bernardino-Ontario, CA","06","California","065","Riverside","33.56125","-116.153383"
"02/05/2020","AQS","060651999","1","25","ug/m3 SC","23","Torres Martinez Administration Site","1","100.0000","81102","PM10 Total 0-10um STP","40140","Riverside-San Bernardino-Ontario, CA","06","California","065","Riverside","33.56125","-116.153383"
"02/06/2020","AQS","060651999","1","38","ug/m3 SC","35","Torres Martinez Administration Site","1","100.0000","81102","PM10 Total 0-10um STP","40140","Riverside-San Bernardino-Ontario, CA","06","California","065","Riverside","33.56125","-116.153383"
"02/07/2020","AQS","060651999","1","40","ug/m3 SC","37","Torres Martinez Administration Site","1","100.0000","81102","PM10 Total 0-10um STP","40140","Riverside-San Bernardino-Ontario, CA","06","California","065","Riverside","33.56125","-116.153383"
"02/08/2020","AQS","060651999","1","43","ug/m3 SC","40","Torres Martinez Administration Site","1","100.0000","81102","PM10 Total 0-10um STP","40140","Riverside-San Bernardino-Ontario, CA","06","California","065","Riverside","33.56125","-116.153383"
"02/09/2020","AQS","060651999","1","32","ug/m3 SC","30","Torres Martinez Administration Site","1","100.0000","81102","PM10 Total 0-10um STP","40140","Riverside-San Bernardino-Ontario, CA","06","California","065","Riverside","33.56125","-116.153383"
"02/10/2020","AQS","060651999","1","10","ug/m3 SC","9","Torres Martinez Administration Site","1","100.0000","81102","PM10 Total 0-10um STP","40140","Riverside-San Bernardino-Ontario, CA","06","California","065","Riverside","33.56125","-116.153383"
"02/11/2020","AQS","060651999","1","34","ug/m3 SC","31","Torres Martinez Administration Site","1","100.0000","81102","PM10 Total 0-10um STP","40140","Riverside-San Bernardino-Ontario, CA","06","California","065","Riverside","33.56125","-116.153383"
"02/12/2020","AQS","060651999","1","27","ug/m3 SC","25","Torres Martinez Administration Site","1","100.0000","81102","PM10 Total 0-10um STP","40140","Riverside-San Bernardino-Ontario, CA","06","California","065","Riverside","33.56125","-116.153383"
"02/13/2020","AQS","060651999","1","26","ug/m3 SC","24","Torres Martinez Administration Site","1","100.0000","81102","PM10 Total 0-10um STP","40140","Riverside-San Bernardino-Ontario, CA","06","California","065","Riverside","33.56125","-116.153383"
"02/14/2020","AQS","060651999","1","30","ug/m3 SC","28","Torres Martinez Administration Site","1","100.0000","81102","PM10 Total 0-10um STP","40140","Riverside-San Bernardino-Ontario, CA","06","California","065","Riverside","33.56125","-116.153383"
"02/15/2020","AQS","060651999","1","31","ug/m3 SC","29","Torres Martinez Administration Site","1","100.0000","81102","PM10 Total 0-10um STP","40140","Riverside-San Bernardino-Ontario, CA","06","California","065","Riverside","33.56125","-116.153383"
"02/16/2020","AQS","060651999","1","31","ug/m3 SC","29","Torres Martinez Administration Site","1","100.0000","81102","PM10 Total 0-10um STP","40140","Riverside-San Bernardino-Ontario, CA","06","California","065","Riverside","33.56125","-116.153383"
"02/17/2020","AQS","060651999","1","39","ug/m3 SC","36","Torres Martinez Administration Site","1","100.0000","81102","PM10 Total 0-10um STP","40140","Riverside-San Bernardino-Ontario, CA","06","California","065","Riverside","33.56125","-116.153383"
"02/18/2020","AQS","060651999","1","36","ug/m3 SC","33","Torres Martinez Administration Site","1","100.0000","81102","PM10 Total 0-10um STP","40140","Riverside-San Bernardino-Ontario, CA","06","California","065","Riverside","33.56125","-116.153383"
"02/19/2020","AQS","060651999","1","36","ug/m3 SC","33","Torres Martinez Administration Site","1","100.0000","81102","PM10 Total 0-10um STP","40140","Riverside-San Bernardino-Ontario, CA","06","California","065","Riverside","33.56125","-116.153383"
"02/20/2020","AQS","060651999","1","37","ug/m3 SC","34","Torres Martinez Administration Site","1","100.0000","81102","PM10 Total 0-10um STP","40140","Riverside-San Bernardino-Ontario, CA","06","California","065","Riverside","33.56125","-116.153383"
"02/21/2020","AQS","060651999","1","32","ug/m3 SC","30","Torres Martinez Administration Site","1","100.0000","81102","PM10 Total 0-10um STP","40140","Riverside-San Bernardino-Ontario, CA","06","California","065","Riverside","33.56125","-116.153383"
"02/22/2020","AQS","060651999","1","52","ug/m3 SC","48","Torres Martinez Administration Site","1","100.0000","81102","PM10 Total 0-10um STP","40140","Riverside-San Bernardino-Ontario, CA","06","California","065","Riverside","33.56125","-116.153383"
"02/23/2020","AQS","060651999","1","12","ug/m3 SC","11","Torres Martinez Administration Site","1","100.0000","81102","PM10 Total 0-10um STP","40140","Riverside-San Bernardino-Ontario, CA","06","California","065","Riverside","33.56125","-116.153383"
"02/24/2020","AQS","060651999","1","31","ug/m3 SC","29","Torres Martinez Administration Site","1","100.0000","81102","PM10 Total 0-10um STP","40140","Riverside-San Bernardino-Ontario, CA","06","California","065","Riverside","33.56125","-116.153383"
"02/25/2020","AQS","060651999","1","30","ug/m3 SC","28","Torres Martinez Administration Site","1","100.0000","81102","PM10 Total 0-10um STP","40140","Riverside-San Bernardino-Ontario, CA","06","California","065","Riverside","33.56125","-116.153383"
"02/26/2020","AQS","060651999","1","22","ug/m3 SC","20","Torres Martinez Administration Site","1","100.0000","81102","PM10 Total 0-10um STP","40140","Riverside-San Bernardino-Ontario, CA","06","California","065","Riverside","33.56125","-116.153383"
"02/27/2020","AQS","060651999","1","35","ug/m3 SC","32","Torres Martinez Administration Site","1","100.0000","81102","PM10 Total 0-10um STP","40140","Riverside-San Bernardino-Ontario, CA","06","California","065","Riverside","33.56125","-116.153383"
"02/28/2020","AQS","060651999","1","60","ug/m3 SC","53","Torres Martinez Administration Site","1","100.0000","81102","PM10 Total 0-10um STP","40140","Riverside-San Bernardino-Ontario, CA","06","California","065","Riverside","33.56125","-116.153383"
"02/29/2020","AQS","060651999","1","56","ug/m3 SC","51","Torres Martinez Administration Site","1","100.0000","81102","PM10 Total 0-10um STP","40140","Riverside-San Bernardino-Ontario, CA","06","California","065","Riverside","33.56125","-116.153383"
"01/01/2020","AQS","061112002","3","10","ug/m3 SC","9","Simi Valley-Cochran Street","1","100.0000","81102","PM10 Total 0-10um STP","37100","Oxnard-Thousand Oaks-Ventura, CA","06","California","111","Ventura","34.276316","-118.683685"
"01/02/2020","AQS","061112002","3","5","ug/m3 SC","5","Simi Valley-Cochran Street","1","100.0000","81102","PM10 Total 0-10um STP","37100","Oxnard-Thousand Oaks-Ventura, CA","06","California","111","Ventura","34.276316","-118.683685"
"01/03/2020","AQS","061112002","3","11","ug/m3 SC","10","Simi Valley-Cochran Street","1","100.0000","81102","PM10 Total 0-10um STP","37100","Oxnard-Thousand Oaks-Ventura, CA","06","California","111","Ventura","34.276316","-118.683685"
"01/04/2020","AQS","061112002","3","13","ug/m3 SC","12","Simi Valley-Cochran Street","1","100.0000","81102","PM10 Total 0-10um STP","37100","Oxnard-Thousand Oaks-Ventura, CA","06","California","111","Ventura","34.276316","-118.683685"
"01/05/2020","AQS","061112002","3","7","ug/m3 SC","6","Simi Valley-Cochran Street","1","100.0000","81102","PM10 Total 0-10um STP","37100","Oxnard-Thousand Oaks-Ventura, CA","06","California","111","Ventura","34.276316","-118.683685"
"01/06/2020","AQS","061112002","3","5","ug/m3 SC","5","Simi Valley-Cochran Street","1","100.0000","81102","PM10 Total 0-10um STP","37100","Oxnard-Thousand Oaks-Ventura, CA","06","California","111","Ventura","34.276316","-118.683685"
"01/11/2020","AQS","061112002","3","14","ug/m3 SC","13","Simi Valley-Cochran Street","1","100.0000","81102","PM10 Total 0-10um STP","37100","Oxnard-Thousand Oaks-Ventura, CA","06","California","111","Ventura","34.276316","-118.683685"
"01/12/2020","AQS","061112002","3","11","ug/m3 SC","10","Simi Valley-Cochran Street","1","100.0000","81102","PM10 Total 0-10um STP","37100","Oxnard-Thousand Oaks-Ventura, CA","06","California","111","Ventura","34.276316","-118.683685"
"01/13/2020","AQS","061112002","3","19","ug/m3 SC","18","Simi Valley-Cochran Street","1","100.0000","81102","PM10 Total 0-10um STP","37100","Oxnard-Thousand Oaks-Ventura, CA","06","California","111","Ventura","34.276316","-118.683685"
"01/14/2020","AQS","061112002","3","21","ug/m3 SC","19","Simi Valley-Cochran Street","1","100.0000","81102","PM10 Total 0-10um STP","37100","Oxnard-Thousand Oaks-Ventura, CA","06","California","111","Ventura","34.276316","-118.683685"
"01/17/2020","AQS","061112002","3","5","ug/m3 SC","5","Simi Valley-Cochran Street","1","100.0000","81102","PM10 Total 0-10um STP","37100","Oxnard-Thousand Oaks-Ventura, CA","06","California","111","Ventura","34.276316","-118.683685"
"01/18/2020","AQS","061112002","3","4","ug/m3 SC","4","Simi Valley-Cochran Street","1","100.0000","81102","PM10 Total 0-10um STP","37100","Oxnard-Thousand Oaks-Ventura, CA","06","California","111","Ventura","34.276316","-118.683685"
"01/19/2020","AQS","061112002","3","3","ug/m3 SC","3","Simi Valley-Cochran Street","1","100.0000","81102","PM10 Total 0-10um STP","37100","Oxnard-Thousand Oaks-Ventura, CA","06","California","111","Ventura","34.276316","-118.683685"
"01/20/2020","AQS","061112002","3","12","ug/m3 SC","11","Simi Valley-Cochran Street","1","100.0000","81102","PM10 Total 0-10um STP","37100","Oxnard-Thousand Oaks-Ventura, CA","06","California","111","Ventura","34.276316","-118.683685"
"01/21/2020","AQS","061112002","3","9","ug/m3 SC","8","Simi Valley-Cochran Street","1","100.0000","81102","PM10 Total 0-10um STP","37100","Oxnard-Thousand Oaks-Ventura, CA","06","California","111","Ventura","34.276316","-118.683685"
"01/22/2020","AQS","061112002","3","7","ug/m3 SC","6","Simi Valley-Cochran Street","1","100.0000","81102","PM10 Total 0-10um STP","37100","Oxnard-Thousand Oaks-Ventura, CA","06","California","111","Ventura","34.276316","-118.683685"
"01/23/2020","AQS","061112002","3","8","ug/m3 SC","7","Simi Valley-Cochran Street","1","100.0000","81102","PM10 Total 0-10um STP","37100","Oxnard-Thousand Oaks-Ventura, CA","06","California","111","Ventura","34.276316","-118.683685"
"01/24/2020","AQS","061112002","3","10","ug/m3 SC","9","Simi Valley-Cochran Street","1","100.0000","81102","PM10 Total 0-10um STP","37100","Oxnard-Thousand Oaks-Ventura, CA","06","California","111","Ventura","34.276316","-118.683685"
"01/25/2020","AQS","061112002","3","12","ug/m3 SC","11","Simi Valley-Cochran Street","1","100.0000","81102","PM10 Total 0-10um STP","37100","Oxnard-Thousand Oaks-Ventura, CA","06","California","111","Ventura","34.276316","-118.683685"
"01/26/2020","AQS","061112002","3","20","ug/m3 SC","19","Simi Valley-Cochran Street","1","100.0000","81102","PM10 Total 0-10um STP","37100","Oxnard-Thousand Oaks-Ventura, CA","06","California","111","Ventura","34.276316","-118.683685"
"01/27/2020","AQS","061112002","3","5","ug/m3 SC","5","Simi Valley-Cochran Street","1","100.0000","81102","PM10 Total 0-10um STP","37100","Oxnard-Thousand Oaks-Ventura, CA","06","California","111","Ventura","34.276316","-118.683685"
"01/28/2020","AQS","061112002","3","6","ug/m3 SC","6","Simi Valley-Cochran Street","1","100.0000","81102","PM10 Total 0-10um STP","37100","Oxnard-Thousand Oaks-Ventura, CA","06","California","111","Ventura","34.276316","-118.683685"
"01/29/2020","AQS","061112002","3","18","ug/m3 SC","17","Simi Valley-Cochran Street","1","100.0000","81102","PM10 Total 0-10um STP","37100","Oxnard-Thousand Oaks-Ventura, CA","06","California","111","Ventura","34.276316","-118.683685"
"01/30/2020","AQS","061112002","3","10","ug/m3 SC","9","Simi Valley-Cochran Street","1","100.0000","81102","PM10 Total 0-10um STP","37100","Oxnard-Thousand Oaks-Ventura, CA","06","California","111","Ventura","34.276316","-118.683685"
"01/31/2020","AQS","061112002","3","3","ug/m3 SC","3","Simi Valley-Cochran Street","1","100.0000","81102","PM10 Total 0-10um STP","37100","Oxnard-Thousand Oaks-Ventura, CA","06","California","111","Ventura","34.276316","-118.683685"
"01/01/2020","AQS","061113001","3","10","ug/m3 SC","9","El Rio-Rio Mesa School #2","1","100.0000","81102","PM10 Total 0-10um STP","37100","Oxnard-Thousand Oaks-Ventura, CA","06","California","111","Ventura","34.25239","-119.143182"
"01/02/2020","AQS","061113001","3","17","ug/m3 SC","16","El Rio-Rio Mesa School #2","1","100.0000","81102","PM10 Total 0-10um STP","37100","Oxnard-Thousand Oaks-Ventura, CA","06","California","111","Ventura","34.25239","-119.143182"
"01/03/2020","AQS","061113001","3","18","ug/m3 SC","17","El Rio-Rio Mesa School #2","1","100.0000","81102","PM10 Total 0-10um STP","37100","Oxnard-Thousand Oaks-Ventura, CA","06","California","111","Ventura","34.25239","-119.143182"
"01/04/2020","AQS","061113001","3","15","ug/m3 SC","14","El Rio-Rio Mesa School #2","1","100.0000","81102","PM10 Total 0-10um STP","37100","Oxnard-Thousand Oaks-Ventura, CA","06","California","111","Ventura","34.25239","-119.143182"
"01/05/2020","AQS","061113001","3","11","ug/m3 SC","10","El Rio-Rio Mesa School #2","1","100.0000","81102","PM10 Total 0-10um STP","37100","Oxnard-Thousand Oaks-Ventura, CA","06","California","111","Ventura","34.25239","-119.143182"
"01/06/2020","AQS","061113001","3","11","ug/m3 SC","10","El Rio-Rio Mesa School #2","1","100.0000","81102","PM10 Total 0-10um STP","37100","Oxnard-Thousand Oaks-Ventura, CA","06","California","111","Ventura","34.25239","-119.143182"
"01/11/2020","AQS","061113001","3","13","ug/m3 SC","12","El Rio-Rio Mesa School #2","1","100.0000","81102","PM10 Total 0-10um STP","37100","Oxnard-Thousand Oaks-Ventura, CA","06","California","111","Ventura","34.25239","-119.143182"
"01/12/2020","AQS","061113001","3","9","ug/m3 SC","8","El Rio-Rio Mesa School #2","1","100.0000","81102","PM10 Total 0-10um STP","37100","Oxnard-Thousand Oaks-Ventura, CA","06","California","111","Ventura","34.25239","-119.143182"
"01/13/2020","AQS","061113001","3","18","ug/m3 SC","17","El Rio-Rio Mesa School #2","1","100.0000","81102","PM10 Total 0-10um STP","37100","Oxnard-Thousand Oaks-Ventura, CA","06","California","111","Ventura","34.25239","-119.143182"
"01/14/2020","AQS","061113001","3","17","ug/m3 SC","16","El Rio-Rio Mesa School #2","1","100.0000","81102","PM10 Total 0-10um STP","37100","Oxnard-Thousand Oaks-Ventura, CA","06","California","111","Ventura","34.25239","-119.143182"
"01/15/2020","AQS","061113001","3","19","ug/m3 SC","18","El Rio-Rio Mesa School #2","1","100.0000","81102","PM10 Total 0-10um STP","37100","Oxnard-Thousand Oaks-Ventura, CA","06","California","111","Ventura","34.25239","-119.143182"
"01/16/2020","AQS","061113001","3","16","ug/m3 SC","15","El Rio-Rio Mesa School #2","1","100.0000","81102","PM10 Total 0-10um STP","37100","Oxnard-Thousand Oaks-Ventura, CA","06","California","111","Ventura","34.25239","-119.143182"
"01/17/2020","AQS","061113001","3","5","ug/m3 SC","5","El Rio-Rio Mesa School #2","1","100.0000","81102","PM10 Total 0-10um STP","37100","Oxnard-Thousand Oaks-Ventura, CA","06","California","111","Ventura","34.25239","-119.143182"
"01/18/2020","AQS","061113001","3","8","ug/m3 SC","7","El Rio-Rio Mesa School #2","1","100.0000","81102","PM10 Total 0-10um STP","37100","Oxnard-Thousand Oaks-Ventura, CA","06","California","111","Ventura","34.25239","-119.143182"
"01/19/2020","AQS","061113001","3","7","ug/m3 SC","6","El Rio-Rio Mesa School #2","1","100.0000","81102","PM10 Total 0-10um STP","37100","Oxnard-Thousand Oaks-Ventura, CA","06","California","111","Ventura","34.25239","-119.143182"
"01/20/2020","AQS","061113001","3","15","ug/m3 SC","14","El Rio-Rio Mesa School #2","1","100.0000","81102","PM10 Total 0-10um STP","37100","Oxnard-Thousand Oaks-Ventura, CA","06","California","111","Ventura","34.25239","-119.143182"
"01/21/2020","AQS","061113001","3","9","ug/m3 SC","8","El Rio-Rio Mesa School #2","1","100.0000","81102","PM10 Total 0-10um STP","37100","Oxnard-Thousand Oaks-Ventura, CA","06","California","111","Ventura","34.25239","-119.143182"
"01/22/2020","AQS","061113001","3","13","ug/m3 SC","12","El Rio-Rio Mesa School #2","1","100.0000","81102","PM10 Total 0-10um STP","37100","Oxnard-Thousand Oaks-Ventura, CA","06","California","111","Ventura","34.25239","-119.143182"
"01/23/2020","AQS","061113001","3","15","ug/m3 SC","14","El Rio-Rio Mesa School #2","1","100.0000","81102","PM10 Total 0-10um STP","37100","Oxnard-Thousand Oaks-Ventura, CA","06","California","111","Ventura","34.25239","-119.143182"
"01/24/2020","AQS","061113001","3","15","ug/m3 SC","14","El Rio-Rio Mesa School #2","1","100.0000","81102","PM10 Total 0-10um STP","37100","Oxnard-Thousand Oaks-Ventura, CA","06","California","111","Ventura","34.25239","-119.143182"
"01/25/2020","AQS","061113001","3","17","ug/m3 SC","16","El Rio-Rio Mesa School #2","1","100.0000","81102","PM10 Total 0-10um STP","37100","Oxnard-Thousand Oaks-Ventura, CA","06","California","111","Ventura","34.25239","-119.143182"
"01/26/2020","AQS","061113001","3","18","ug/m3 SC","17","El Rio-Rio Mesa School #2","1","100.0000","81102","PM10 Total 0-10um STP","37100","Oxnard-Thousand Oaks-Ventura, CA","06","California","111","Ventura","34.25239","-119.143182"
"01/27/2020","AQS","061113001","3","16","ug/m3 SC","15","El Rio-Rio Mesa School #2","1","100.0000","81102","PM10 Total 0-10um STP","37100","Oxnard-Thousand Oaks-Ventura, CA","06","California","111","Ventura","34.25239","-119.143182"
"01/28/2020","AQS","061113001","3","16","ug/m3 SC","15","El Rio-Rio Mesa School #2","1","100.0000","81102","PM10 Total 0-10um STP","37100","Oxnard-Thousand Oaks-Ventura, CA","06","California","111","Ventura","34.25239","-119.143182"
"01/29/2020","AQS","061113001","3","16","ug/m3 SC","15","El Rio-Rio Mesa School #2","1","100.0000","81102","PM10 Total 0-10um STP","37100","Oxnard-Thousand Oaks-Ventura, CA","06","California","111","Ventura","34.25239","-119.143182"
"01/30/2020","AQS","061113001","3","20","ug/m3 SC","19","El Rio-Rio Mesa School #2","1","100.0000","81102","PM10 Total 0-10um STP","37100","Oxnard-Thousand Oaks-Ventura, CA","06","California","111","Ventura","34.25239","-119.143182"
"01/31/2020","AQS","061113001","3","15","ug/m3 SC","14","El Rio-Rio Mesa School #2","1","100.0000","81102","PM10 Total 0-10um STP","37100","Oxnard-Thousand Oaks-Ventura, CA","06","California","111","Ventura","34.25239","-119.143182"
